{"train_loss": [3.088225375295427, 1.7849642113876774, 1.1740317271831642], "validation_score": [41.77938082356477, 67.19767558360886, 78.6694719967939], "validation_score_per_class": [85.0, 78.9, 79.1, 81.7, 81.2, 71.1, 80.6, 73.6, 84.8, 61.0, 86.6, 51.3, 90.4, 89.7, 64.1, 81.0, 82.6, 84.8, 66.3, 78.0, 68.3, 86.3, 81.8, 86.6, 89.2, 79.6, 83.1, 70.8, 82.4, 88.1, 68.9, 87.8, 87.6, 84.4, 77.3]}